INSERT INTO subdivision (id, fullname, is_test)
VALUES
    ('00000000-0000-0000-0000-000000001101', 'ПОГЗ №2 (с. Васильки)', true),
    ('00000000-0000-0000-0000-000000001102', 'ОПК «Центральное» (г. Южный)', true),
    ('00000000-0000-0000-0000-000000001103', 'ПОГК «Лесная» (пгт Лесной)', true),
    ('00000000-0000-0000-0000-000000001104', 'ПОГО «Южное» (г. Южный)', true),
    ('00000000-0000-0000-0000-000000001105', 'ОПК «Заречное» (г. Заречный)', true),
    ('00000000-0000-0000-0000-000000001106', 'ПОГК «Речная» (пгт Речной)', true),
    ('00000000-0000-0000-0000-000000001201', 'ПОГЗ №1 (с. Полярное)', true),
    ('00000000-0000-0000-0000-000000001202', 'ПОГК «Северная» (пгт Северный)', true),
    ('00000000-0000-0000-0000-000000001203', 'ОПК «Северное» (г. Северск)', true),
    ('00000000-0000-0000-0000-000000001204', 'ПОГО «Тундровое» (с. Тундра)', true),
    ('00000000-0000-0000-0000-000000001205', 'ПОГК «Озерная» (пгт Озерный)', true),
    ('00000000-0000-0000-0000-000000001206', 'ОПК «Горное» (г. Горный)', true),
    ('00000000-0000-0000-0000-000000001301', 'ПОГЗ №3 (с. Южные Ключи)', true),
    ('00000000-0000-0000-0000-000000001302', 'ОПК «Южное» (г. Южногорск)', true),
    ('00000000-0000-0000-0000-000000001303', 'ПОГК «Прибрежная» (пгт Береговой)', true),
    ('00000000-0000-0000-0000-000000001304', 'ПОГО «Степное» (с. Степное)', true),
    ('00000000-0000-0000-0000-000000001305', 'ОПК «Цветочное» (г. Цветочный)', true),
    ('00000000-0000-0000-0000-000000001306', 'ПОГК «Солнечная» (пгт Солнечный)', true)
ON CONFLICT (id) DO NOTHING;

INSERT INTO events (id, date_detection, find_subdivision_unit_id)
VALUES
    ('11111111-1111-1111-1111-111111111111', '2024-01-10 12:00:00', '00000000-0000-0000-0000-000000001101'),
    ('22222222-2222-2222-2222-222222222222', '2024-01-11 09:30:00', '00000000-0000-0000-0000-000000001102'),
    ('33333333-3333-3333-3333-333333333333', '2024-01-12 14:20:00', '00000000-0000-0000-0000-000000001202'),
    ('44444444-4444-4444-4444-444444444444', '2024-01-13 16:45:00', '00000000-0000-0000-0000-000000001201'),
    ('55555555-5555-5555-5555-555555555555', '2024-01-14 10:15:00', '00000000-0000-0000-0000-000000001301'),
    ('66666666-6666-6666-6666-666666666666', '2024-01-14 10:15:00', '00000000-0000-0000-0000-000000001101')
ON CONFLICT (id) DO NOTHING;

INSERT INTO offenders (id, event_id, first_name, middle_name, last_name, date_of_birth)
VALUES
    ('aaaaaaaa-aaaa-aaaa-aaaa-aaaaaaaa0001', '11111111-1111-1111-1111-111111111111', 'Иван', 'Иванович', 'Иванов', '1990-05-05'),
    ('aaaaaaaa-aaaa-aaaa-aaaa-aaaaaaaa0002', '22222222-2222-2222-2222-222222222222', 'Петр', 'Петрович', 'Петров', '1985-03-12'),
    ('aaaaaaaa-aaaa-aaaa-aaaa-aaaaaaaa0003', '33333333-3333-3333-3333-333333333333', 'Анна', 'Сергеевна', 'Сидорова', '1992-07-01'),
    ('aaaaaaaa-aaaa-aaaa-aaaa-aaaaaaaa0004', '44444444-4444-4444-4444-444444444444', 'Алексей', 'Николаевич', 'Кузнецов', '1978-09-09'),
    ('aaaaaaaa-aaaa-aaaa-aaaa-aaaaaaaa0005', '55555555-5555-5555-5555-555555555555', 'Роман', 'Романович', 'Романов', '1995-12-30'),
    ('aaaaaaaa-aaaa-aaaa-aaaa-aaaaaaaa0006', '66666666-6666-6666-6666-666666666666', 'Роман', 'Романович', 'Романов', '1995-12-30')
ON CONFLICT ON CONSTRAINT uq_offenders_key DO NOTHING;
